2025-07-28 04:13:32,BRAVO_SPECIALIST,5871858498,2540,FAILURE,https://secure.booking.com/help/confirmation_pin_auth
2025-07-28 04:13:52,BRAVO_SPECIALIST,5871858498,19651476,FAILURE,https://secure.booking.com/help/confirmation_pin_auth
2025-07-28 04:15:04,BRAVO_SPECIALIST,5871858498,2540,FAILURE,https://secure.booking.com/help/confirmation_pin_auth
2025-07-28 04:15:25,BRAVO_SPECIALIST,5871858498,1965,SUCCESS,https://secure.booking.com/help/reservation?hc_origin=auth_conf_pin&pincode=1965&unique_order_id=22-5871858498
2025-07-28 04:16:18,BRAVO_SPECIALIST,5871858498,1476,FAILURE,https://secure.booking.com/help/confirmation_pin_auth
2025-07-28 04:27:52,BRAVO_SPECIALIST,6860261353,2540,FAILURE,https://secure.booking.com/help/confirmation_pin_auth
2025-07-28 04:28:16,BRAVO_SPECIALIST,6860261353,1476,FAILURE,https://secure.booking.com/help/confirmation_pin_auth
2025-07-28 04:28:38,BRAVO_SPECIALIST,6860261353,6704,FAILURE,https://secure.booking.com/help/confirmation_pin_auth
2025-07-28 04:29:00,BRAVO_SPECIALIST,6860261353,9921,FAILURE,https://secure.booking.com/help/confirmation_pin_auth
2025-07-28 04:29:22,BRAVO_SPECIALIST,6860261353,2390,FAILURE,https://secure.booking.com/help/confirmation_pin_auth
2025-07-28 04:29:50,BRAVO_SPECIALIST,6860261353,5167,FAILURE,https://secure.booking.com/help/confirmation_pin_auth
2025-07-28 04:30:15,BRAVO_SPECIALIST,6860261353,7098,FAILURE,https://secure.booking.com/help/confirmation_pin_auth
2025-07-28 04:30:41,BRAVO_SPECIALIST,6860261353,3816,FAILURE,https://secure.booking.com/help/confirmation_pin_auth
2025-07-28 04:31:03,BRAVO_SPECIALIST,6860261353,4039,FAILURE,https://secure.booking.com/help/confirmation_pin_auth
2025-07-28 04:31:27,BRAVO_SPECIALIST,6860261353,2745,FAILURE,https://secure.booking.com/help/confirmation_pin_auth
2025-07-28 04:31:51,BRAVO_SPECIALIST,6860261353,8652,FAILURE,https://secure.booking.com/help/confirmation_pin_auth
2025-07-28 04:32:16,BRAVO_SPECIALIST,6860261353,1790,FAILURE,https://secure.booking.com/help/confirmation_pin_auth
2025-07-28 04:32:40,BRAVO_SPECIALIST,6860261353,7943,FAILURE,https://secure.booking.com/help/confirmation_pin_auth
2025-07-28 04:33:03,BRAVO_SPECIALIST,6860261353,6005,FAILURE,https://secure.booking.com/help/confirmation_pin_auth
2025-07-28 04:33:25,BRAVO_SPECIALIST,6860261353,9102,FAILURE,https://secure.booking.com/help/confirmation_pin_auth
2025-07-28 04:33:48,BRAVO_SPECIALIST,6860261353,2384,FAILURE,https://secure.booking.com/help/confirmation_pin_auth
2025-07-28 04:34:12,BRAVO_SPECIALIST,6860261353,7349,FAILURE,https://secure.booking.com/help/confirmation_pin_auth
2025-07-28 04:34:34,BRAVO_SPECIALIST,6860261353,1860,FAILURE,https://secure.booking.com/help/confirmation_pin_auth
2025-07-28 04:34:58,BRAVO_SPECIALIST,6860261353,8217,FAILURE,https://secure.booking.com/help/confirmation_pin_auth
2025-07-28 04:35:24,BRAVO_SPECIALIST,6860261353,9558,FAILURE,https://secure.booking.com/help/confirmation_pin_auth
2025-07-28 04:35:46,BRAVO_SPECIALIST,6860261353,1332,FAILURE,https://secure.booking.com/help/confirmation_pin_auth
2025-07-28 04:36:15,BRAVO_SPECIALIST,6860261353,4206,FAILURE,https://secure.booking.com/help/confirmation_pin_auth
2025-07-28 04:36:47,BRAVO_SPECIALIST,6860261353,7581,EXCEPTION,
2025-07-28 04:37:10,BRAVO_SPECIALIST,6860261353,3018,FAILURE,https://secure.booking.com/help/confirmation_pin_auth
2025-07-28 04:37:33,BRAVO_SPECIALIST,6860261353,6440,FAILURE,https://secure.booking.com/help/confirmation_pin_auth
2025-07-28 04:38:02,BRAVO_SPECIALIST,6860261353,9224,FAILURE,https://secure.booking.com/help/confirmation_pin_auth
2025-07-28 04:38:25,BRAVO_SPECIALIST,6860261353,5421,FAILURE,https://secure.booking.com/help/confirmation_pin_auth
2025-07-28 04:38:51,BRAVO_SPECIALIST,6860261353,3975,FAILURE,https://secure.booking.com/help/confirmation_pin_auth
2025-07-28 04:39:14,BRAVO_SPECIALIST,6860261353,6876,FAILURE,https://secure.booking.com/help/confirmation_pin_auth
2025-07-28 04:39:38,BRAVO_SPECIALIST,6860261353,7033,FAILURE,https://secure.booking.com/help/confirmation_pin_auth
2025-07-28 04:40:05,BRAVO_SPECIALIST,6860261353,8751,FAILURE,https://secure.booking.com/help/confirmation_pin_auth
2025-07-28 04:40:27,BRAVO_SPECIALIST,6860261353,1094,FAILURE,https://secure.booking.com/help/confirmation_pin_auth
2025-07-28 04:40:54,BRAVO_SPECIALIST,6860261353,5672,FAILURE,https://secure.booking.com/help/confirmation_pin_auth
2025-07-28 04:41:18,BRAVO_SPECIALIST,6860261353,7469,FAILURE,https://secure.booking.com/help/confirmation_pin_auth
2025-07-28 04:41:41,BRAVO_SPECIALIST,6860261353,2903,FAILURE,https://secure.booking.com/help/confirmation_pin_auth
2025-07-28 04:42:05,BRAVO_SPECIALIST,6860261353,1881,FAILURE,https://secure.booking.com/help/confirmation_pin_auth
2025-07-28 04:42:54,BRAVO_SPECIALIST,6860261353,4727,FAILURE,https://secure.booking.com/help/confirmation_pin_auth
2025-07-28 04:43:16,BRAVO_SPECIALIST,6860261353,3156,FAILURE,https://secure.booking.com/help/confirmation_pin_auth
2025-07-28 04:43:41,BRAVO_SPECIALIST,6860261353,9317,FAILURE,https://secure.booking.com/help/confirmation_pin_auth
2025-07-28 04:44:02,BRAVO_SPECIALIST,6860261353,1517,FAILURE,https://secure.booking.com/help/confirmation_pin_auth
2025-07-28 04:44:26,BRAVO_SPECIALIST,6860261353,4490,FAILURE,https://secure.booking.com/help/confirmation_pin_auth
2025-07-28 04:44:48,BRAVO_SPECIALIST,6860261353,2586,FAILURE,https://secure.booking.com/help/confirmation_pin_auth
2025-07-28 04:45:09,BRAVO_SPECIALIST,6860261353,6048,FAILURE,https://secure.booking.com/help/confirmation_pin_auth
2025-07-28 04:45:32,BRAVO_SPECIALIST,6860261353,7025,FAILURE,https://secure.booking.com/help/confirmation_pin_auth
2025-07-28 04:45:55,BRAVO_SPECIALIST,6860261353,1394,FAILURE,https://secure.booking.com/help/confirmation_pin_auth
2025-07-28 04:46:16,BRAVO_SPECIALIST,6860261353,7635,FAILURE,https://secure.booking.com/help/confirmation_pin_auth
2025-07-28 04:46:37,BRAVO_SPECIALIST,6860261353,2981,FAILURE,https://secure.booking.com/help/confirmation_pin_auth
2025-07-28 04:46:59,BRAVO_SPECIALIST,6860261353,8479,FAILURE,https://secure.booking.com/help/confirmation_pin_auth
2025-07-28 04:47:21,BRAVO_SPECIALIST,6860261353,3724,FAILURE,https://secure.booking.com/help/confirmation_pin_auth
