2025-07-28 04:20:10,CHARLIE_SPECIALIST,5871858498,2540,FAILURE,https://secure.booking.com/help/confirmation_pin_auth
2025-07-28 04:20:34,CHARLIE_SPECIALIST,5871858498,1965,SUCCESS,https://secure.booking.com/help/reservation?hc_origin=auth_conf_pin&pincode=1965&unique_order_id=22-5871858498
2025-07-28 04:21:25,CHARLIE_SPECIALIST,5871858498,1476,FAILURE,https://secure.booking.com/help/confirmation_pin_auth
2025-07-28 04:21:46,CHARLIE_SPECIALIST,5871858498,6704,FAILURE,https://secure.booking.com/help/confirmation_pin_auth
2025-07-28 04:22:08,CHARLIE_SPECIALIST,5871858498,9921,FAILURE,https://secure.booking.com/help/confirmation_pin_auth
2025-07-28 04:22:30,CHARLIE_SPECIALIST,5871858498,2390,FAILURE,https://secure.booking.com/help/confirmation_pin_auth
2025-07-28 04:28:11,CHARLIE_SPECIALIST,6160911170,2540,FAILURE,https://secure.booking.com/help/confirmation_pin_auth
2025-07-28 04:28:33,CHARLIE_SPECIALIST,6160911170,1476,FAILURE,https://secure.booking.com/help/confirmation_pin_auth
2025-07-28 04:28:55,CHARLIE_SPECIALIST,6160911170,6704,FAILURE,https://secure.booking.com/help/confirmation_pin_auth
2025-07-28 04:29:17,CHARLIE_SPECIALIST,6160911170,9921,FAILURE,https://secure.booking.com/help/confirmation_pin_auth
2025-07-28 04:29:40,CHARLIE_SPECIALIST,6160911170,2390,FAILURE,https://secure.booking.com/help/confirmation_pin_auth
2025-07-28 04:30:04,CHARLIE_SPECIALIST,6160911170,5167,FAILURE,https://secure.booking.com/help/confirmation_pin_auth
2025-07-28 04:30:31,CHARLIE_SPECIALIST,6160911170,7098,FAILURE,https://secure.booking.com/help/confirmation_pin_auth
2025-07-28 04:30:54,CHARLIE_SPECIALIST,6160911170,3816,FAILURE,https://secure.booking.com/help/confirmation_pin_auth
2025-07-28 04:31:15,CHARLIE_SPECIALIST,6160911170,4039,FAILURE,https://secure.booking.com/help/confirmation_pin_auth
2025-07-28 04:31:37,CHARLIE_SPECIALIST,6160911170,2745,FAILURE,https://secure.booking.com/help/confirmation_pin_auth
2025-07-28 04:31:59,CHARLIE_SPECIALIST,6160911170,8652,FAILURE,https://secure.booking.com/help/confirmation_pin_auth
2025-07-28 04:32:21,CHARLIE_SPECIALIST,6160911170,1790,FAILURE,https://secure.booking.com/help/confirmation_pin_auth
2025-07-28 04:32:42,CHARLIE_SPECIALIST,6160911170,7943,FAILURE,https://secure.booking.com/help/confirmation_pin_auth
2025-07-28 04:33:05,CHARLIE_SPECIALIST,6160911170,6005,FAILURE,https://secure.booking.com/help/confirmation_pin_auth
2025-07-28 04:33:26,CHARLIE_SPECIALIST,6160911170,9102,FAILURE,https://secure.booking.com/help/confirmation_pin_auth
2025-07-28 04:33:48,CHARLIE_SPECIALIST,6160911170,7349,FAILURE,https://secure.booking.com/help/confirmation_pin_auth
2025-07-28 04:34:13,CHARLIE_SPECIALIST,6160911170,1860,FAILURE,https://secure.booking.com/help/confirmation_pin_auth
2025-07-28 04:34:36,CHARLIE_SPECIALIST,6160911170,8217,FAILURE,https://secure.booking.com/help/confirmation_pin_auth
2025-07-28 04:34:58,CHARLIE_SPECIALIST,6160911170,9558,FAILURE,https://secure.booking.com/help/confirmation_pin_auth
2025-07-28 04:35:25,CHARLIE_SPECIALIST,6160911170,1332,FAILURE,https://secure.booking.com/help/confirmation_pin_auth
2025-07-28 04:35:47,CHARLIE_SPECIALIST,6160911170,4206,FAILURE,https://secure.booking.com/help/confirmation_pin_auth
2025-07-28 04:36:11,CHARLIE_SPECIALIST,6160911170,7581,FAILURE,https://secure.booking.com/help/confirmation_pin_auth
2025-07-28 04:36:35,CHARLIE_SPECIALIST,6160911170,3018,FAILURE,https://secure.booking.com/help/confirmation_pin_auth
2025-07-28 04:37:00,CHARLIE_SPECIALIST,6160911170,6440,FAILURE,https://secure.booking.com/help/confirmation_pin_auth
2025-07-28 04:37:23,CHARLIE_SPECIALIST,6160911170,5421,FAILURE,https://secure.booking.com/help/confirmation_pin_auth
2025-07-28 04:37:47,CHARLIE_SPECIALIST,6160911170,3975,FAILURE,https://secure.booking.com/help/confirmation_pin_auth
2025-07-28 04:38:16,CHARLIE_SPECIALIST,6160911170,7033,FAILURE,https://secure.booking.com/help/confirmation_pin_auth
2025-07-28 04:38:41,CHARLIE_SPECIALIST,6160911170,8751,FAILURE,https://secure.booking.com/help/confirmation_pin_auth
2025-07-28 04:39:07,CHARLIE_SPECIALIST,6160911170,1094,FAILURE,https://secure.booking.com/help/confirmation_pin_auth
2025-07-28 04:39:31,CHARLIE_SPECIALIST,6160911170,5672,FAILURE,https://secure.booking.com/help/confirmation_pin_auth
2025-07-28 04:39:57,CHARLIE_SPECIALIST,6160911170,8348,FAILURE,https://secure.booking.com/help/confirmation_pin_auth
2025-07-28 04:40:20,CHARLIE_SPECIALIST,6160911170,7469,FAILURE,https://secure.booking.com/help/confirmation_pin_auth
2025-07-28 04:40:41,CHARLIE_SPECIALIST,6160911170,2903,FAILURE,https://secure.booking.com/help/confirmation_pin_auth
2025-07-28 04:41:08,CHARLIE_SPECIALIST,6160911170,1881,FAILURE,https://secure.booking.com/help/confirmation_pin_auth
2025-07-28 04:41:33,CHARLIE_SPECIALIST,6160911170,4727,FAILURE,https://secure.booking.com/help/confirmation_pin_auth
2025-07-28 04:41:56,CHARLIE_SPECIALIST,6160911170,3156,FAILURE,https://secure.booking.com/help/confirmation_pin_auth
2025-07-28 04:42:18,CHARLIE_SPECIALIST,6160911170,9317,FAILURE,https://secure.booking.com/help/confirmation_pin_auth
2025-07-28 04:42:57,CHARLIE_SPECIALIST,6160911170,1517,FAILURE,https://secure.booking.com/help/confirmation_pin_auth
2025-07-28 04:43:22,CHARLIE_SPECIALIST,6160911170,4490,FAILURE,https://secure.booking.com/help/confirmation_pin_auth
2025-07-28 04:43:46,CHARLIE_SPECIALIST,6160911170,2586,FAILURE,https://secure.booking.com/help/confirmation_pin_auth
2025-07-28 04:44:08,CHARLIE_SPECIALIST,6160911170,6048,FAILURE,https://secure.booking.com/help/confirmation_pin_auth
2025-07-28 04:44:31,CHARLIE_SPECIALIST,6160911170,7025,FAILURE,https://secure.booking.com/help/confirmation_pin_auth
2025-07-28 04:44:52,CHARLIE_SPECIALIST,6160911170,1394,FAILURE,https://secure.booking.com/help/confirmation_pin_auth
2025-07-28 04:45:14,CHARLIE_SPECIALIST,6160911170,7635,FAILURE,https://secure.booking.com/help/confirmation_pin_auth
2025-07-28 04:45:36,CHARLIE_SPECIALIST,6160911170,2981,FAILURE,https://secure.booking.com/help/confirmation_pin_auth
2025-07-28 04:45:57,CHARLIE_SPECIALIST,6160911170,8479,FAILURE,https://secure.booking.com/help/confirmation_pin_auth
2025-07-28 06:25:05,CHARLIE_SPECIALIST,6160911170,0295,FAILURE,https://secure.booking.com/help/confirmation_pin_auth
2025-07-28 06:25:28,CHARLIE_SPECIALIST,6160911170,1842,FAILURE,https://secure.booking.com/help/confirmation_pin_auth
2025-07-28 06:25:51,CHARLIE_SPECIALIST,6160911170,0922,FAILURE,https://secure.booking.com/help/confirmation_pin_auth
2025-07-28 06:26:15,CHARLIE_SPECIALIST,6160911170,1781,FAILURE,https://secure.booking.com/help/confirmation_pin_auth
2025-07-28 06:26:38,CHARLIE_SPECIALIST,6160911170,8856,FAILURE,https://secure.booking.com/help/confirmation_pin_auth
2025-07-28 06:27:00,CHARLIE_SPECIALIST,6160911170,2634,FAILURE,https://secure.booking.com/help/confirmation_pin_auth
2025-07-28 06:27:20,CHARLIE_SPECIALIST,6160911170,7674,FAILURE,https://secure.booking.com/help/confirmation_pin_auth
2025-07-28 06:27:40,CHARLIE_SPECIALIST,6160911170,7628,FAILURE,https://secure.booking.com/help/confirmation_pin_auth
2025-07-28 06:28:02,CHARLIE_SPECIALIST,6160911170,3260,FAILURE,https://secure.booking.com/help/confirmation_pin_auth
2025-07-28 06:28:23,CHARLIE_SPECIALIST,6160911170,9027,FAILURE,https://secure.booking.com/help/confirmation_pin_auth
2025-07-28 06:28:45,CHARLIE_SPECIALIST,6160911170,4627,FAILURE,https://secure.booking.com/help/confirmation_pin_auth
2025-07-28 06:29:06,CHARLIE_SPECIALIST,6160911170,8031,FAILURE,https://secure.booking.com/help/confirmation_pin_auth
2025-07-28 06:29:27,CHARLIE_SPECIALIST,6160911170,2383,FAILURE,https://secure.booking.com/help/confirmation_pin_auth
2025-07-28 06:29:47,CHARLIE_SPECIALIST,6160911170,5415,FAILURE,https://secure.booking.com/help/confirmation_pin_auth
2025-07-28 06:30:08,CHARLIE_SPECIALIST,6160911170,1008,FAILURE,https://secure.booking.com/help/confirmation_pin_auth
2025-07-28 06:30:29,CHARLIE_SPECIALIST,6160911170,4123,FAILURE,https://secure.booking.com/help/confirmation_pin_auth
2025-07-28 06:30:49,CHARLIE_SPECIALIST,6160911170,1807,FAILURE,https://secure.booking.com/help/confirmation_pin_auth
2025-07-28 06:31:10,CHARLIE_SPECIALIST,6160911170,9854,FAILURE,https://secure.booking.com/help/confirmation_pin_auth
2025-07-28 06:31:31,CHARLIE_SPECIALIST,6160911170,5072,FAILURE,https://secure.booking.com/help/confirmation_pin_auth
2025-07-28 06:31:52,CHARLIE_SPECIALIST,6160911170,5453,FAILURE,https://secure.booking.com/help/confirmation_pin_auth
2025-07-28 06:32:13,CHARLIE_SPECIALIST,6160911170,9025,FAILURE,https://secure.booking.com/help/confirmation_pin_auth
2025-07-28 06:32:33,CHARLIE_SPECIALIST,6160911170,4319,FAILURE,https://secure.booking.com/help/confirmation_pin_auth
2025-07-28 06:32:54,CHARLIE_SPECIALIST,6160911170,7682,FAILURE,https://secure.booking.com/help/confirmation_pin_auth
2025-07-28 06:33:15,CHARLIE_SPECIALIST,6160911170,9309,FAILURE,https://secure.booking.com/help/confirmation_pin_auth
2025-07-28 06:33:36,CHARLIE_SPECIALIST,6160911170,9265,FAILURE,https://secure.booking.com/help/confirmation_pin_auth
2025-07-28 06:33:57,CHARLIE_SPECIALIST,6160911170,4163,FAILURE,https://secure.booking.com/help/confirmation_pin_auth
2025-07-28 06:34:18,CHARLIE_SPECIALIST,6160911170,1678,FAILURE,https://secure.booking.com/help/confirmation_pin_auth
2025-07-28 06:34:38,CHARLIE_SPECIALIST,6160911170,2275,FAILURE,https://secure.booking.com/help/confirmation_pin_auth
2025-07-28 06:35:03,CHARLIE_SPECIALIST,6160911170,4072,FAILURE,https://secure.booking.com/help/confirmation_pin_auth
2025-07-28 06:35:25,CHARLIE_SPECIALIST,6160911170,6490,FAILURE,https://secure.booking.com/help/confirmation_pin_auth
2025-07-28 06:35:46,CHARLIE_SPECIALIST,6160911170,2108,FAILURE,https://secure.booking.com/help/confirmation_pin_auth
2025-07-28 06:36:07,CHARLIE_SPECIALIST,6160911170,1768,FAILURE,https://secure.booking.com/help/confirmation_pin_auth
2025-07-28 06:36:37,CHARLIE_SPECIALIST,6160911170,5828,EXCEPTION,
2025-07-28 06:37:00,CHARLIE_SPECIALIST,6160911170,4816,FAILURE,https://secure.booking.com/help/confirmation_pin_auth
2025-07-28 06:37:20,CHARLIE_SPECIALIST,6160911170,6894,FAILURE,https://secure.booking.com/help/confirmation_pin_auth
2025-07-28 06:37:43,CHARLIE_SPECIALIST,6160911170,1424,FAILURE,https://secure.booking.com/help/confirmation_pin_auth
2025-07-28 06:38:05,CHARLIE_SPECIALIST,6160911170,3660,FAILURE,https://secure.booking.com/help/confirmation_pin_auth
2025-07-28 06:38:25,CHARLIE_SPECIALIST,6160911170,9127,FAILURE,https://secure.booking.com/help/confirmation_pin_auth
2025-07-28 06:38:47,CHARLIE_SPECIALIST,6160911170,3031,FAILURE,https://secure.booking.com/help/confirmation_pin_auth
2025-07-28 06:39:08,CHARLIE_SPECIALIST,6160911170,8884,FAILURE,https://secure.booking.com/help/confirmation_pin_auth
2025-07-28 06:39:30,CHARLIE_SPECIALIST,6160911170,7034,FAILURE,https://secure.booking.com/help/confirmation_pin_auth
2025-07-28 06:39:52,CHARLIE_SPECIALIST,6160911170,6012,FAILURE,https://secure.booking.com/help/confirmation_pin_auth
2025-07-28 06:40:29,CHARLIE_SPECIALIST,6160911170,0342,EXCEPTION,
2025-07-28 06:40:59,CHARLIE_SPECIALIST,6160911170,8473,EXCEPTION,
2025-07-28 06:41:20,CHARLIE_SPECIALIST,6160911170,9210,FAILURE,https://secure.booking.com/help/confirmation_pin_auth
2025-07-28 06:41:40,CHARLIE_SPECIALIST,6160911170,1601,FAILURE,https://secure.booking.com/help/confirmation_pin_auth
2025-07-28 06:42:01,CHARLIE_SPECIALIST,6160911170,7212,FAILURE,https://secure.booking.com/help/confirmation_pin_auth
2025-07-28 06:42:21,CHARLIE_SPECIALIST,6160911170,8596,FAILURE,https://secure.booking.com/help/confirmation_pin_auth
2025-07-28 06:42:52,CHARLIE_SPECIALIST,6160911170,7295,EXCEPTION,
2025-07-28 06:43:13,CHARLIE_SPECIALIST,6160911170,9656,FAILURE,https://secure.booking.com/help/confirmation_pin_auth
2025-07-28 07:10:19,CHARLIE_SPECIALIST,6160911170,0232,FAILURE,https://secure.booking.com/help/confirmation_pin_auth
2025-07-28 07:10:43,CHARLIE_SPECIALIST,6160911170,0252,FAILURE,https://secure.booking.com/help/confirmation_pin_auth
2025-07-28 07:11:05,CHARLIE_SPECIALIST,6160911170,0295,FAILURE,https://secure.booking.com/help/confirmation_pin_auth
2025-07-28 07:11:26,CHARLIE_SPECIALIST,6160911170,0342,FAILURE,https://secure.booking.com/help/confirmation_pin_auth
2025-07-28 07:11:48,CHARLIE_SPECIALIST,6160911170,0395,FAILURE,https://secure.booking.com/help/confirmation_pin_auth
2025-07-28 07:12:10,CHARLIE_SPECIALIST,6160911170,0428,FAILURE,https://secure.booking.com/help/confirmation_pin_auth
2025-07-28 07:12:33,CHARLIE_SPECIALIST,6160911170,0480,FAILURE,https://secure.booking.com/help/confirmation_pin_auth
2025-07-28 07:12:54,CHARLIE_SPECIALIST,6160911170,0562,FAILURE,https://secure.booking.com/help/confirmation_pin_auth
2025-07-28 07:13:16,CHARLIE_SPECIALIST,6160911170,0621,FAILURE,https://secure.booking.com/help/confirmation_pin_auth
2025-07-28 07:13:38,CHARLIE_SPECIALIST,6160911170,0634,FAILURE,https://secure.booking.com/help/confirmation_pin_auth
2025-07-28 07:13:59,CHARLIE_SPECIALIST,6160911170,0729,FAILURE,https://secure.booking.com/help/confirmation_pin_auth
2025-07-28 07:14:20,CHARLIE_SPECIALIST,6160911170,0743,FAILURE,https://secure.booking.com/help/confirmation_pin_auth
2025-07-28 07:14:41,CHARLIE_SPECIALIST,6160911170,0918,FAILURE,https://secure.booking.com/help/confirmation_pin_auth
2025-07-28 07:15:03,CHARLIE_SPECIALIST,6160911170,0922,FAILURE,https://secure.booking.com/help/confirmation_pin_auth
2025-07-28 07:15:27,CHARLIE_SPECIALIST,6160911170,0944,FAILURE,https://secure.booking.com/help/confirmation_pin_auth
2025-07-28 07:15:49,CHARLIE_SPECIALIST,6160911170,0977,FAILURE,https://secure.booking.com/help/confirmation_pin_auth
2025-07-28 07:16:12,CHARLIE_SPECIALIST,6160911170,1008,FAILURE,https://secure.booking.com/help/confirmation_pin_auth
2025-07-28 07:16:33,CHARLIE_SPECIALIST,6160911170,1094,FAILURE,https://secure.booking.com/help/confirmation_pin_auth
2025-07-28 07:16:55,CHARLIE_SPECIALIST,6160911170,1123,FAILURE,https://secure.booking.com/help/confirmation_pin_auth
2025-07-28 07:17:17,CHARLIE_SPECIALIST,6160911170,1332,FAILURE,https://secure.booking.com/help/confirmation_pin_auth
2025-07-28 07:17:38,CHARLIE_SPECIALIST,6160911170,1394,FAILURE,https://secure.booking.com/help/confirmation_pin_auth
2025-07-28 07:17:59,CHARLIE_SPECIALIST,6160911170,1411,FAILURE,https://secure.booking.com/help/confirmation_pin_auth
2025-07-28 07:18:20,CHARLIE_SPECIALIST,6160911170,1424,FAILURE,https://secure.booking.com/help/confirmation_pin_auth
2025-07-28 07:18:41,CHARLIE_SPECIALIST,6160911170,1476,FAILURE,https://secure.booking.com/help/confirmation_pin_auth
2025-07-28 07:19:02,CHARLIE_SPECIALIST,6160911170,1517,FAILURE,https://secure.booking.com/help/confirmation_pin_auth
2025-07-28 07:19:23,CHARLIE_SPECIALIST,6160911170,1541,FAILURE,https://secure.booking.com/help/confirmation_pin_auth
2025-07-28 07:20:02,CHARLIE_SPECIALIST,6160911170,1557,FAILURE,https://secure.booking.com/help/confirmation_pin_auth
2025-07-28 07:20:44,CHARLIE_SPECIALIST,6160911170,1588,FAILURE,https://secure.booking.com/help/confirmation_pin_auth
2025-07-28 07:21:04,CHARLIE_SPECIALIST,6160911170,1601,FAILURE,https://secure.booking.com/help/confirmation_pin_auth
2025-07-28 07:21:29,CHARLIE_SPECIALIST,6160911170,1678,FAILURE,https://secure.booking.com/help/confirmation_pin_auth
2025-07-28 07:21:50,CHARLIE_SPECIALIST,6160911170,1722,FAILURE,https://secure.booking.com/help/confirmation_pin_auth
2025-07-28 07:22:12,CHARLIE_SPECIALIST,6160911170,1757,FAILURE,https://secure.booking.com/help/confirmation_pin_auth
2025-07-28 07:22:34,CHARLIE_SPECIALIST,6160911170,1768,FAILURE,https://secure.booking.com/help/confirmation_pin_auth
2025-07-28 07:22:55,CHARLIE_SPECIALIST,6160911170,1781,FAILURE,https://secure.booking.com/help/confirmation_pin_auth
2025-07-28 07:23:16,CHARLIE_SPECIALIST,6160911170,1790,FAILURE,https://secure.booking.com/help/confirmation_pin_auth
2025-07-28 07:23:38,CHARLIE_SPECIALIST,6160911170,1807,FAILURE,https://secure.booking.com/help/confirmation_pin_auth
2025-07-28 07:24:00,CHARLIE_SPECIALIST,6160911170,1842,FAILURE,https://secure.booking.com/help/confirmation_pin_auth
2025-07-28 07:24:27,CHARLIE_SPECIALIST,6160911170,1867,FAILURE,https://secure.booking.com/help/confirmation_pin_auth
2025-07-28 07:24:49,CHARLIE_SPECIALIST,6160911170,1881,FAILURE,https://secure.booking.com/help/confirmation_pin_auth
2025-07-28 07:25:13,CHARLIE_SPECIALIST,6160911170,2106,FAILURE,https://secure.booking.com/help/confirmation_pin_auth
2025-07-28 07:25:36,CHARLIE_SPECIALIST,6160911170,2108,FAILURE,https://secure.booking.com/help/confirmation_pin_auth
2025-07-28 07:25:59,CHARLIE_SPECIALIST,6160911170,2144,FAILURE,https://secure.booking.com/help/confirmation_pin_auth
2025-07-28 07:26:19,CHARLIE_SPECIALIST,6160911170,2158,FAILURE,https://secure.booking.com/help/confirmation_pin_auth
2025-07-28 07:26:40,CHARLIE_SPECIALIST,6160911170,2176,FAILURE,https://secure.booking.com/help/confirmation_pin_auth
2025-07-28 07:27:00,CHARLIE_SPECIALIST,6160911170,2275,FAILURE,https://secure.booking.com/help/confirmation_pin_auth
2025-07-28 07:27:21,CHARLIE_SPECIALIST,6160911170,2306,FAILURE,https://secure.booking.com/help/confirmation_pin_auth
2025-07-28 07:27:42,CHARLIE_SPECIALIST,6160911170,2344,FAILURE,https://secure.booking.com/help/confirmation_pin_auth
2025-07-28 07:28:02,CHARLIE_SPECIALIST,6160911170,2383,FAILURE,https://secure.booking.com/help/confirmation_pin_auth
2025-07-28 07:28:24,CHARLIE_SPECIALIST,6160911170,2384,FAILURE,https://secure.booking.com/help/confirmation_pin_auth
2025-07-28 07:28:45,CHARLIE_SPECIALIST,6160911170,2390,FAILURE,https://secure.booking.com/help/confirmation_pin_auth
2025-07-28 07:29:07,CHARLIE_SPECIALIST,6160911170,2465,FAILURE,https://secure.booking.com/help/confirmation_pin_auth
2025-07-28 07:29:27,CHARLIE_SPECIALIST,6160911170,2481,FAILURE,https://secure.booking.com/help/confirmation_pin_auth
2025-07-28 07:29:47,CHARLIE_SPECIALIST,6160911170,2586,FAILURE,https://secure.booking.com/help/confirmation_pin_auth
2025-07-28 07:30:08,CHARLIE_SPECIALIST,6160911170,2634,FAILURE,https://secure.booking.com/help/confirmation_pin_auth
2025-07-28 07:30:30,CHARLIE_SPECIALIST,6160911170,2656,FAILURE,https://secure.booking.com/help/confirmation_pin_auth
2025-07-28 07:30:53,CHARLIE_SPECIALIST,6160911170,2675,FAILURE,https://secure.booking.com/help/confirmation_pin_auth
2025-07-28 07:31:13,CHARLIE_SPECIALIST,6160911170,2748,FAILURE,https://secure.booking.com/help/confirmation_pin_auth
2025-07-28 07:31:35,CHARLIE_SPECIALIST,6160911170,2903,FAILURE,https://secure.booking.com/help/confirmation_pin_auth
2025-07-28 07:31:58,CHARLIE_SPECIALIST,6160911170,2981,FAILURE,https://secure.booking.com/help/confirmation_pin_auth
2025-07-28 07:32:22,CHARLIE_SPECIALIST,6160911170,3018,FAILURE,https://secure.booking.com/help/confirmation_pin_auth
2025-07-28 07:32:47,CHARLIE_SPECIALIST,6160911170,3031,FAILURE,https://secure.booking.com/help/confirmation_pin_auth
2025-07-28 07:33:11,CHARLIE_SPECIALIST,6160911170,3080,FAILURE,https://secure.booking.com/help/confirmation_pin_auth
2025-07-28 07:33:33,CHARLIE_SPECIALIST,6160911170,3156,FAILURE,https://secure.booking.com/help/confirmation_pin_auth
2025-07-28 07:33:57,CHARLIE_SPECIALIST,6160911170,3205,FAILURE,https://secure.booking.com/help/confirmation_pin_auth
2025-07-28 07:34:19,CHARLIE_SPECIALIST,6160911170,3240,FAILURE,https://secure.booking.com/help/confirmation_pin_auth
2025-07-28 07:34:49,CHARLIE_SPECIALIST,6160911170,3255,FAILURE,https://secure.booking.com/help/confirmation_pin_auth
2025-07-28 07:35:10,CHARLIE_SPECIALIST,6160911170,3260,FAILURE,https://secure.booking.com/help/confirmation_pin_auth
2025-07-28 07:35:31,CHARLIE_SPECIALIST,6160911170,3270,FAILURE,https://secure.booking.com/help/confirmation_pin_auth
2025-07-28 07:35:52,CHARLIE_SPECIALIST,6160911170,3377,FAILURE,https://secure.booking.com/help/confirmation_pin_auth
2025-07-28 07:36:20,CHARLIE_SPECIALIST,6160911170,3454,FAILURE,https://secure.booking.com/help/confirmation_pin_auth
2025-07-28 07:36:41,CHARLIE_SPECIALIST,6160911170,3660,FAILURE,https://secure.booking.com/help/confirmation_pin_auth
2025-07-28 07:37:02,CHARLIE_SPECIALIST,6160911170,3724,FAILURE,https://secure.booking.com/help/confirmation_pin_auth
2025-07-28 07:37:23,CHARLIE_SPECIALIST,6160911170,3816,FAILURE,https://secure.booking.com/help/confirmation_pin_auth
2025-07-28 07:37:44,CHARLIE_SPECIALIST,6160911170,3834,FAILURE,https://secure.booking.com/help/confirmation_pin_auth
2025-07-28 07:38:10,CHARLIE_SPECIALIST,6160911170,3921,FAILURE,https://secure.booking.com/help/confirmation_pin_auth
2025-07-28 07:38:31,CHARLIE_SPECIALIST,6160911170,3975,FAILURE,https://secure.booking.com/help/confirmation_pin_auth
2025-07-28 07:38:52,CHARLIE_SPECIALIST,6160911170,3986,FAILURE,https://secure.booking.com/help/confirmation_pin_auth
2025-07-28 07:39:14,CHARLIE_SPECIALIST,6160911170,4039,FAILURE,https://secure.booking.com/help/confirmation_pin_auth
2025-07-28 07:39:34,CHARLIE_SPECIALIST,6160911170,4072,FAILURE,https://secure.booking.com/help/confirmation_pin_auth
2025-07-28 07:39:55,CHARLIE_SPECIALIST,6160911170,4123,FAILURE,https://secure.booking.com/help/confirmation_pin_auth
2025-07-28 07:40:16,CHARLIE_SPECIALIST,6160911170,4163,FAILURE,https://secure.booking.com/help/confirmation_pin_auth
2025-07-28 07:40:53,CHARLIE_SPECIALIST,6160911170,4183,EXCEPTION,
2025-07-28 07:41:29,CHARLIE_SPECIALIST,6160911170,4206,FAILURE,https://secure.booking.com/help/confirmation_pin_auth
2025-07-28 07:41:51,CHARLIE_SPECIALIST,6160911170,4319,FAILURE,https://secure.booking.com/help/confirmation_pin_auth
2025-07-28 07:42:15,CHARLIE_SPECIALIST,6160911170,4627,FAILURE,https://secure.booking.com/help/confirmation_pin_auth
2025-07-28 07:42:39,CHARLIE_SPECIALIST,6160911170,4701,FAILURE,https://secure.booking.com/help/confirmation_pin_auth
2025-07-28 07:43:14,CHARLIE_SPECIALIST,6160911170,4816,FAILURE,https://secure.booking.com/help/confirmation_pin_auth
2025-07-28 07:43:48,CHARLIE_SPECIALIST,6160911170,5072,FAILURE,https://secure.booking.com/help/confirmation_pin_auth
2025-07-28 07:44:13,CHARLIE_SPECIALIST,6160911170,5167,FAILURE,https://secure.booking.com/help/confirmation_pin_auth
2025-07-28 07:44:36,CHARLIE_SPECIALIST,6160911170,5415,FAILURE,https://secure.booking.com/help/confirmation_pin_auth
2025-07-28 07:45:01,CHARLIE_SPECIALIST,6160911170,5421,FAILURE,https://secure.booking.com/help/confirmation_pin_auth
2025-07-28 07:45:24,CHARLIE_SPECIALIST,6160911170,5453,FAILURE,https://secure.booking.com/help/confirmation_pin_auth
2025-07-28 07:45:46,CHARLIE_SPECIALIST,6160911170,5828,FAILURE,https://secure.booking.com/help/confirmation_pin_auth
2025-07-28 07:46:10,CHARLIE_SPECIALIST,6160911170,6012,FAILURE,https://secure.booking.com/help/confirmation_pin_auth
2025-07-28 07:46:34,CHARLIE_SPECIALIST,6160911170,6101,FAILURE,https://secure.booking.com/help/confirmation_pin_auth
2025-07-28 07:46:57,CHARLIE_SPECIALIST,6160911170,6490,FAILURE,https://secure.booking.com/help/confirmation_pin_auth
2025-07-28 07:47:27,CHARLIE_SPECIALIST,6160911170,7033,FAILURE,https://secure.booking.com/help/confirmation_pin_auth
2025-07-28 07:47:50,CHARLIE_SPECIALIST,6160911170,7034,FAILURE,https://secure.booking.com/help/confirmation_pin_auth
2025-07-28 07:48:14,CHARLIE_SPECIALIST,6160911170,7098,FAILURE,https://secure.booking.com/help/confirmation_pin_auth
2025-07-28 07:48:39,CHARLIE_SPECIALIST,6160911170,7212,FAILURE,https://secure.booking.com/help/confirmation_pin_auth
2025-07-28 07:49:05,CHARLIE_SPECIALIST,6160911170,7295,FAILURE,https://secure.booking.com/help/confirmation_pin_auth
2025-07-28 07:49:27,CHARLIE_SPECIALIST,6160911170,8479,FAILURE,https://secure.booking.com/help/confirmation_pin_auth
2025-07-28 07:49:50,CHARLIE_SPECIALIST,6160911170,8596,FAILURE,https://secure.booking.com/help/confirmation_pin_auth
2025-07-28 07:50:13,CHARLIE_SPECIALIST,6160911170,9025,FAILURE,https://secure.booking.com/help/confirmation_pin_auth
