2025-07-26 14:21:28,BATCH_A,001A,5830944764,8904,UNKNOWN,https://secure.booking.com/help/confirmation_pin_auth
2025-07-26 14:21:34,BATCH_A,001A,5830944764,6410,UNKNOWN,https://secure.booking.com/help/confirmation_pin_auth
2025-07-26 14:21:40,BATCH_A,001A,5830944764,4652,UNKNOWN,https://secure.booking.com/help/confirmation_pin_auth
2025-07-26 14:21:46,BATCH_A,001A,5830944764,9897,UNKNOWN,https://secure.booking.com/help/confirmation_pin_auth
2025-07-26 14:21:52,BATCH_A,001A,5830944764,7292,UNKNOWN,https://secure.booking.com/help/confirmation_pin_auth
2025-07-26 14:30:57,BATCH_A,001A,5830944764,8904,UNKNOWN,https://secure.booking.com/help/confirmation_pin_auth
2025-07-26 14:31:06,BATCH_A,001A,5830944764,6410,UNKNOWN,https://secure.booking.com/help/confirmation_pin_auth
2025-07-26 14:31:12,BATCH_A,001A,5830944764,4652,UNKNOWN,https://secure.booking.com/help/confirmation_pin_auth
2025-07-26 14:31:19,BATCH_A,001A,5830944764,9897,UNKNOWN,https://secure.booking.com/help/confirmation_pin_auth
2025-07-26 14:31:26,BATCH_A,001A,5830944764,7292,UNKNOWN,https://secure.booking.com/help/confirmation_pin_auth
2025-07-26 14:41:19,BATCH_A,001A,5830944764,8904,UNKNOWN,https://secure.booking.com/help/confirmation_pin_auth
2025-07-26 14:52:38,BATCH_A,001A,5830944764,2847,UNKNOWN,https://secure.booking.com/help/confirmation_pin_auth
2025-07-26 14:52:46,BATCH_A,001A,5830944764,7391,UNKNOWN,https://secure.booking.com/help/confirmation_pin_auth
2025-07-26 14:54:30,BATCH_A,001A,5871858498,2847,UNKNOWN,https://secure.booking.com/help/confirmation_pin_auth
2025-07-26 14:54:38,BATCH_A,001A,5871858498,7391,UNKNOWN,https://secure.booking.com/help/confirmation_pin_auth
2025-07-26 14:54:47,BATCH_A,001A,5871858498,8403,UNKNOWN,https://secure.booking.com/help/confirmation_pin_auth
2025-07-26 14:54:56,BATCH_A,001A,5871858498,5629,UNKNOWN,https://secure.booking.com/help/confirmation_pin_auth
2025-07-26 14:55:02,BATCH_A,001A,5871858498,1965,UNKNOWN,https://secure.booking.com/help/confirmation_pin_auth
2025-07-26 14:59:40,BATCH_A,001A,5871858498,2847,UNKNOWN,https://secure.booking.com/help/confirmation_pin_auth
2025-07-26 14:59:51,BATCH_A,001A,5871858498,7391,UNKNOWN,https://secure.booking.com/help/confirmation_pin_auth
2025-07-26 14:59:58,BATCH_A,001A,5871858498,8403,UNKNOWN,https://secure.booking.com/help/confirmation_pin_auth
2025-07-26 15:00:07,BATCH_A,001A,5871858498,1965,UNKNOWN,https://secure.booking.com/help/confirmation_pin_auth
2025-07-26 15:00:16,BATCH_A,001A,5871858498,5629,UNKNOWN,https://secure.booking.com/help/confirmation_pin_auth
2025-07-26 15:01:57,BATCH_A,001A,5871858498,2847,UNKNOWN,https://secure.booking.com/help/confirmation_pin_auth
2025-07-26 15:02:05,BATCH_A,001A,5871858498,7391,UNKNOWN,https://secure.booking.com/help/confirmation_pin_auth
2025-07-26 15:02:15,BATCH_A,001A,5871858498,8403,UNKNOWN,https://secure.booking.com/help/confirmation_pin_auth
2025-07-26 15:02:26,BATCH_A,001A,5871858498,1965,UNKNOWN,https://secure.booking.com/help/confirmation_pin_auth
2025-07-26 15:02:47,BATCH_A,001A,5871858498,5629,UNKNOWN,https://secure.booking.com/help/confirmation_pin_auth
2025-07-26 15:06:31,BATCH_A,001A,5871858498,2847,SUCCESS,https://secure.booking.com/help/confirmation_pin_auth
