2025-07-26 17:26:11,BRAVO_HUNTER,5727559423,4231,UNKNOWN,https://secure.booking.com/help/confirmation_pin_auth
2025-07-26 17:26:50,BRAVO_HUNTER,5727559423,7552,UNKNOWN,https://secure.booking.com/help/confirmation_pin_auth
2025-07-26 17:27:30,BRAVO_HUNTER,5727559423,1861,UNKNOWN,https://secure.booking.com/help/confirmation_pin_auth
2025-07-26 18:20:06,BRAVO_HUNTER,6160911170,7283,UNKNOWN,https://secure.booking.com/help/confirmation_pin_auth
2025-07-26 18:20:43,BRAVO_HUNTER,6160911170,3468,UNKNOWN,https://secure.booking.com/help/confirmation_pin_auth
2025-07-26 18:21:22,BRAVO_HUNTER,6160911170,2162,UNKNOWN,https://secure.booking.com/help/confirmation_pin_auth
2025-07-26 18:21:58,BRAVO_HUNTER,6160911170,2398,UNKNOWN,https://secure.booking.com/help/confirmation_pin_auth
2025-07-26 18:22:37,BRAVO_HUNTER,6160911170,5680,UNKNOWN,https://secure.booking.com/help/confirmation_pin_auth
2025-07-27 08:18:59,BRAVO_HUNTER,6860261353,5074,HELP_PAGE,https://secure.booking.com/help/confirmation_pin_auth
2025-07-27 08:19:35,BRAVO_HUNTER,6860261353,6180,FAILURE,https://secure.booking.com/help/confirmation_pin_auth
2025-07-27 08:20:05,BRAVO_HUNTER,6860261353,1777,FAILURE,https://secure.booking.com/help/confirmation_pin_auth
2025-07-27 08:20:36,BRAVO_HUNTER,6860261353,2481,FAILURE,https://secure.booking.com/help/confirmation_pin_auth
2025-07-27 08:21:07,BRAVO_HUNTER,6860261353,2329,FAILURE,https://secure.booking.com/help/confirmation_pin_auth
2025-07-27 08:41:19,BRAVO_HUNTER,6860261353,1157,HELP_PAGE,https://secure.booking.com/help/confirmation_pin_auth
2025-07-27 08:41:55,BRAVO_HUNTER,6860261353,9872,FAILURE,https://secure.booking.com/help/confirmation_pin_auth
2025-07-27 08:42:27,BRAVO_HUNTER,6860261353,1326,FAILURE,https://secure.booking.com/help/confirmation_pin_auth
2025-07-27 08:43:00,BRAVO_HUNTER,6860261353,4491,FAILURE,https://secure.booking.com/help/confirmation_pin_auth
2025-07-27 08:43:32,BRAVO_HUNTER,6860261353,3993,FAILURE,https://secure.booking.com/help/confirmation_pin_auth
2025-07-27 08:54:14,BRAVO_HUNTER,6860261353,5039,HELP_PAGE,https://secure.booking.com/help/confirmation_pin_auth
2025-07-27 08:54:52,BRAVO_HUNTER,6860261353,1548,FAILURE,https://secure.booking.com/help/confirmation_pin_auth
2025-07-27 08:55:23,BRAVO_HUNTER,6860261353,9276,FAILURE,https://secure.booking.com/help/confirmation_pin_auth
2025-07-27 08:55:58,BRAVO_HUNTER,6860261353,4988,FAILURE,https://secure.booking.com/help/confirmation_pin_auth
2025-07-27 08:56:30,BRAVO_HUNTER,6860261353,0421,FAILURE,https://secure.booking.com/help/confirmation_pin_auth
2025-07-27 09:06:24,BRAVO_HUNTER,6860261353,4713,HELP_PAGE,https://secure.booking.com/help/confirmation_pin_auth
2025-07-27 09:07:00,BRAVO_HUNTER,6860261353,0476,FAILURE,https://secure.booking.com/help/confirmation_pin_auth
2025-07-27 09:07:32,BRAVO_HUNTER,6860261353,9645,FAILURE,https://secure.booking.com/help/confirmation_pin_auth
2025-07-27 09:08:04,BRAVO_HUNTER,6860261353,8336,FAILURE,https://secure.booking.com/help/confirmation_pin_auth
2025-07-27 09:08:40,BRAVO_HUNTER,6860261353,4573,FAILURE,https://secure.booking.com/help/confirmation_pin_auth
2025-07-27 09:27:29,BRAVO_HUNTER,6860261353,9721,HELP_PAGE,https://secure.booking.com/help/confirmation_pin_auth
2025-07-27 09:28:18,BRAVO_HUNTER,6860261353,4884,FAILURE,https://secure.booking.com/help/confirmation_pin_auth
2025-07-27 09:28:51,BRAVO_HUNTER,6860261353,3638,FAILURE,https://secure.booking.com/help/confirmation_pin_auth
2025-07-27 09:29:28,BRAVO_HUNTER,6860261353,6858,FAILURE,https://secure.booking.com/help/confirmation_pin_auth
2025-07-27 09:30:02,BRAVO_HUNTER,6860261353,0584,FAILURE,https://secure.booking.com/help/confirmation_pin_auth
2025-07-27 09:46:59,BRAVO_HUNTER,6860261353,9198,HELP_PAGE,https://secure.booking.com/help/confirmation_pin_auth
2025-07-27 09:47:39,BRAVO_HUNTER,6860261353,0055,FAILURE,https://secure.booking.com/help/confirmation_pin_auth
2025-07-27 09:48:17,BRAVO_HUNTER,6860261353,9053,FAILURE,https://secure.booking.com/help/confirmation_pin_auth
2025-07-27 10:00:15,BRAVO_HUNTER,6860261353,7706,HELP_PAGE,https://secure.booking.com/help/confirmation_pin_auth
2025-07-27 10:01:08,BRAVO_HUNTER,6860261353,1172,FAILURE,https://secure.booking.com/help/confirmation_pin_auth
2025-07-27 10:01:44,BRAVO_HUNTER,6860261353,7979,FAILURE,https://secure.booking.com/help/confirmation_pin_auth
2025-07-27 10:02:26,BRAVO_HUNTER,6860261353,6185,FAILURE,https://secure.booking.com/help/confirmation_pin_auth
2025-07-27 10:03:01,BRAVO_HUNTER,6860261353,4037,FAILURE,https://secure.booking.com/help/confirmation_pin_auth
2025-07-27 10:15:13,BRAVO_HUNTER,6860261353,8650,HELP_PAGE,https://secure.booking.com/help/confirmation_pin_auth
2025-07-27 10:16:00,BRAVO_HUNTER,6860261353,7398,FAILURE,https://secure.booking.com/help/confirmation_pin_auth
2025-07-27 10:16:34,BRAVO_HUNTER,6860261353,2666,FAILURE,https://secure.booking.com/help/confirmation_pin_auth
2025-07-27 10:17:14,BRAVO_HUNTER,6860261353,1077,FAILURE,https://secure.booking.com/help/confirmation_pin_auth
2025-07-27 10:18:07,BRAVO_HUNTER,6860261353,3155,FAILURE,https://secure.booking.com/help/confirmation_pin_auth
2025-07-27 10:29:07,BRAVO_HUNTER,6860261353,7672,HELP_PAGE,https://secure.booking.com/help/confirmation_pin_auth
2025-07-27 10:29:48,BRAVO_HUNTER,6860261353,8385,FAILURE,https://secure.booking.com/help/confirmation_pin_auth
2025-07-27 10:30:22,BRAVO_HUNTER,6860261353,9312,FAILURE,https://secure.booking.com/help/confirmation_pin_auth
2025-07-27 10:31:06,BRAVO_HUNTER,6860261353,9245,FAILURE,https://secure.booking.com/help/confirmation_pin_auth
2025-07-27 10:31:38,BRAVO_HUNTER,6860261353,3871,FAILURE,https://secure.booking.com/help/confirmation_pin_auth
2025-07-27 10:41:51,BRAVO_HUNTER,6860261353,4015,HELP_PAGE,https://secure.booking.com/help/confirmation_pin_auth
2025-07-27 10:42:31,BRAVO_HUNTER,6860261353,1918,FAILURE,https://secure.booking.com/help/confirmation_pin_auth
2025-07-27 10:43:06,BRAVO_HUNTER,6860261353,0946,FAILURE,https://secure.booking.com/help/confirmation_pin_auth
2025-07-27 10:43:39,BRAVO_HUNTER,6860261353,3864,FAILURE,https://secure.booking.com/help/confirmation_pin_auth
2025-07-27 10:44:15,BRAVO_HUNTER,6860261353,9728,FAILURE,https://secure.booking.com/help/confirmation_pin_auth
2025-07-27 10:54:13,BRAVO_HUNTER,6860261353,0267,HELP_PAGE,https://secure.booking.com/help/confirmation_pin_auth
2025-07-27 10:54:52,BRAVO_HUNTER,6860261353,7427,FAILURE,https://secure.booking.com/help/confirmation_pin_auth
2025-07-27 10:55:23,BRAVO_HUNTER,6860261353,3380,FAILURE,https://secure.booking.com/help/confirmation_pin_auth
2025-07-27 10:55:57,BRAVO_HUNTER,6860261353,0592,FAILURE,https://secure.booking.com/help/confirmation_pin_auth
2025-07-27 10:56:36,BRAVO_HUNTER,6860261353,0378,FAILURE,https://secure.booking.com/help/confirmation_pin_auth
2025-07-27 11:07:35,BRAVO_HUNTER,6860261353,9517,HELP_PAGE,https://secure.booking.com/help/confirmation_pin_auth
2025-07-27 11:08:15,BRAVO_HUNTER,6860261353,5496,FAILURE,https://secure.booking.com/help/confirmation_pin_auth
2025-07-27 11:08:47,BRAVO_HUNTER,6860261353,6504,FAILURE,https://secure.booking.com/help/confirmation_pin_auth
2025-07-27 11:09:21,BRAVO_HUNTER,6860261353,4399,FAILURE,https://secure.booking.com/help/confirmation_pin_auth
2025-07-27 11:09:53,BRAVO_HUNTER,6860261353,9943,FAILURE,https://secure.booking.com/help/confirmation_pin_auth
2025-07-27 11:21:00,BRAVO_HUNTER,6860261353,1619,HELP_PAGE,https://secure.booking.com/help/confirmation_pin_auth
2025-07-27 11:21:36,BRAVO_HUNTER,6860261353,5540,FAILURE,https://secure.booking.com/help/confirmation_pin_auth
2025-07-27 11:22:06,BRAVO_HUNTER,6860261353,0295,FAILURE,https://secure.booking.com/help/confirmation_pin_auth
2025-07-27 11:23:16,BRAVO_HUNTER,6860261353,0150,FAILURE,https://secure.booking.com/help/confirmation_pin_auth
2025-07-27 11:23:49,BRAVO_HUNTER,6860261353,6782,FAILURE,https://secure.booking.com/help/confirmation_pin_auth
2025-07-27 11:32:22,BRAVO_HUNTER,6860261353,6317,HELP_PAGE,https://secure.booking.com/help/confirmation_pin_auth
2025-07-27 11:32:57,BRAVO_HUNTER,6860261353,9164,FAILURE,https://secure.booking.com/help/confirmation_pin_auth
2025-07-27 11:33:27,BRAVO_HUNTER,6860261353,6173,FAILURE,https://secure.booking.com/help/confirmation_pin_auth
2025-07-27 11:33:57,BRAVO_HUNTER,6860261353,9680,FAILURE,https://secure.booking.com/help/confirmation_pin_auth
2025-07-27 11:34:28,BRAVO_HUNTER,6860261353,3196,FAILURE,https://secure.booking.com/help/confirmation_pin_auth
2025-07-27 11:44:10,BRAVO_HUNTER,6860261353,5703,HELP_PAGE,https://secure.booking.com/help/confirmation_pin_auth
2025-07-27 11:44:47,BRAVO_HUNTER,6860261353,6585,FAILURE,https://secure.booking.com/help/confirmation_pin_auth
2025-07-27 11:45:27,BRAVO_HUNTER,6860261353,2935,FAILURE,https://secure.booking.com/help/confirmation_pin_auth
2025-07-27 11:45:59,BRAVO_HUNTER,6860261353,0264,FAILURE,https://secure.booking.com/help/confirmation_pin_auth
2025-07-27 11:46:30,BRAVO_HUNTER,6860261353,2284,FAILURE,https://secure.booking.com/help/confirmation_pin_auth
2025-07-27 11:54:10,BRAVO_HUNTER,6860261353,7873,HELP_PAGE,https://secure.booking.com/help/confirmation_pin_auth
2025-07-27 11:54:48,BRAVO_HUNTER,6860261353,2899,FAILURE,https://secure.booking.com/help/confirmation_pin_auth
2025-07-27 11:55:19,BRAVO_HUNTER,6860261353,8705,FAILURE,https://secure.booking.com/help/confirmation_pin_auth
2025-07-27 11:55:51,BRAVO_HUNTER,6860261353,7701,FAILURE,https://secure.booking.com/help/confirmation_pin_auth
2025-07-27 11:56:23,BRAVO_HUNTER,6860261353,6146,FAILURE,https://secure.booking.com/help/confirmation_pin_auth
2025-07-27 12:15:36,BRAVO_HUNTER,6860261353,1512,HELP_PAGE,https://secure.booking.com/help/confirmation_pin_auth
2025-07-27 12:16:12,BRAVO_HUNTER,6860261353,1165,FAILURE,https://secure.booking.com/help/confirmation_pin_auth
2025-07-27 12:16:42,BRAVO_HUNTER,6860261353,6699,FAILURE,https://secure.booking.com/help/confirmation_pin_auth
2025-07-27 12:17:13,BRAVO_HUNTER,6860261353,4832,FAILURE,https://secure.booking.com/help/confirmation_pin_auth
2025-07-27 12:17:43,BRAVO_HUNTER,6860261353,2183,FAILURE,https://secure.booking.com/help/confirmation_pin_auth
2025-07-27 12:28:06,BRAVO_HUNTER,6860261353,9509,HELP_PAGE,https://secure.booking.com/help/confirmation_pin_auth
2025-07-27 12:28:43,BRAVO_HUNTER,6860261353,9009,FAILURE,https://secure.booking.com/help/confirmation_pin_auth
2025-07-27 12:29:14,BRAVO_HUNTER,6860261353,5418,FAILURE,https://secure.booking.com/help/confirmation_pin_auth
2025-07-27 12:29:46,BRAVO_HUNTER,6860261353,1512,FAILURE,https://secure.booking.com/help/confirmation_pin_auth
2025-07-27 12:30:16,BRAVO_HUNTER,6860261353,1921,FAILURE,https://secure.booking.com/help/confirmation_pin_auth
2025-07-27 12:40:50,BRAVO_HUNTER,6860261353,8743,HELP_PAGE,https://secure.booking.com/help/confirmation_pin_auth
2025-07-27 12:41:40,BRAVO_HUNTER,6860261353,0577,FAILURE,https://secure.booking.com/help/confirmation_pin_auth
2025-07-27 12:42:11,BRAVO_HUNTER,6860261353,6390,FAILURE,https://secure.booking.com/help/confirmation_pin_auth
2025-07-27 12:42:41,BRAVO_HUNTER,6860261353,1732,FAILURE,https://secure.booking.com/help/confirmation_pin_auth
2025-07-27 12:43:11,BRAVO_HUNTER,6860261353,8735,FAILURE,https://secure.booking.com/help/confirmation_pin_auth
2025-07-27 12:52:51,BRAVO_HUNTER,6860261353,1700,HELP_PAGE,https://secure.booking.com/help/confirmation_pin_auth
2025-07-27 12:53:37,BRAVO_HUNTER,6860261353,7239,FAILURE,https://secure.booking.com/help/confirmation_pin_auth
2025-07-27 12:54:07,BRAVO_HUNTER,6860261353,7679,FAILURE,https://secure.booking.com/help/confirmation_pin_auth
2025-07-27 12:54:38,BRAVO_HUNTER,6860261353,0590,FAILURE,https://secure.booking.com/help/confirmation_pin_auth
2025-07-27 12:55:08,BRAVO_HUNTER,6860261353,6682,FAILURE,https://secure.booking.com/help/confirmation_pin_auth
2025-07-27 13:04:47,BRAVO_HUNTER,6860261353,0127,HELP_PAGE,https://secure.booking.com/help/confirmation_pin_auth
2025-07-27 13:05:23,BRAVO_HUNTER,6860261353,5407,FAILURE,https://secure.booking.com/help/confirmation_pin_auth
2025-07-27 13:05:54,BRAVO_HUNTER,6860261353,0569,FAILURE,https://secure.booking.com/help/confirmation_pin_auth
2025-07-27 13:06:24,BRAVO_HUNTER,6860261353,6104,FAILURE,https://secure.booking.com/help/confirmation_pin_auth
2025-07-27 13:06:56,BRAVO_HUNTER,6860261353,3518,FAILURE,https://secure.booking.com/help/confirmation_pin_auth
2025-07-27 13:16:37,BRAVO_HUNTER,6860261353,2751,HELP_PAGE,https://secure.booking.com/help/confirmation_pin_auth
2025-07-27 13:17:13,BRAVO_HUNTER,6860261353,7707,FAILURE,https://secure.booking.com/help/confirmation_pin_auth
2025-07-27 13:17:43,BRAVO_HUNTER,6860261353,3436,FAILURE,https://secure.booking.com/help/confirmation_pin_auth
2025-07-27 13:18:14,BRAVO_HUNTER,6860261353,0826,FAILURE,https://secure.booking.com/help/confirmation_pin_auth
2025-07-27 13:18:45,BRAVO_HUNTER,6860261353,2755,FAILURE,https://secure.booking.com/help/confirmation_pin_auth
2025-07-27 13:26:23,BRAVO_HUNTER,6860261353,1235,HELP_PAGE,https://secure.booking.com/help/confirmation_pin_auth
2025-07-27 13:27:00,BRAVO_HUNTER,6860261353,1144,FAILURE,https://secure.booking.com/help/confirmation_pin_auth
2025-07-27 13:27:31,BRAVO_HUNTER,6860261353,2983,FAILURE,https://secure.booking.com/help/confirmation_pin_auth
2025-07-27 13:28:03,BRAVO_HUNTER,6860261353,6989,FAILURE,https://secure.booking.com/help/confirmation_pin_auth
2025-07-27 13:28:34,BRAVO_HUNTER,6860261353,9191,FAILURE,https://secure.booking.com/help/confirmation_pin_auth
2025-07-27 13:38:23,BRAVO_HUNTER,6860261353,6381,HELP_PAGE,https://secure.booking.com/help/confirmation_pin_auth
2025-07-27 13:39:07,BRAVO_HUNTER,6860261353,5665,FAILURE,https://secure.booking.com/help/confirmation_pin_auth
2025-07-27 13:39:40,BRAVO_HUNTER,6860261353,4455,FAILURE,https://secure.booking.com/help/confirmation_pin_auth
2025-07-27 13:40:12,BRAVO_HUNTER,6860261353,2653,FAILURE,https://secure.booking.com/help/confirmation_pin_auth
2025-07-27 13:40:43,BRAVO_HUNTER,6860261353,4608,FAILURE,https://secure.booking.com/help/confirmation_pin_auth
2025-07-27 13:51:32,BRAVO_HUNTER,6860261353,1976,HELP_PAGE,https://secure.booking.com/help/confirmation_pin_auth
2025-07-27 13:52:09,BRAVO_HUNTER,6860261353,8799,FAILURE,https://secure.booking.com/help/confirmation_pin_auth
2025-07-27 13:52:42,BRAVO_HUNTER,6860261353,7226,FAILURE,https://secure.booking.com/help/confirmation_pin_auth
2025-07-27 13:53:14,BRAVO_HUNTER,6860261353,8094,FAILURE,https://secure.booking.com/help/confirmation_pin_auth
2025-07-27 13:53:48,BRAVO_HUNTER,6860261353,7012,FAILURE,https://secure.booking.com/help/confirmation_pin_auth
2025-07-27 14:02:08,BRAVO_HUNTER,6860261353,0790,HELP_PAGE,https://secure.booking.com/help/confirmation_pin_auth
2025-07-27 14:02:45,BRAVO_HUNTER,6860261353,0891,FAILURE,https://secure.booking.com/help/confirmation_pin_auth
2025-07-27 14:03:17,BRAVO_HUNTER,6860261353,8651,FAILURE,https://secure.booking.com/help/confirmation_pin_auth
2025-07-27 14:03:48,BRAVO_HUNTER,6860261353,4235,FAILURE,https://secure.booking.com/help/confirmation_pin_auth
2025-07-27 14:04:25,BRAVO_HUNTER,6860261353,3133,FAILURE,https://secure.booking.com/help/confirmation_pin_auth
2025-07-27 14:14:57,BRAVO_HUNTER,6860261353,4190,HELP_PAGE,https://secure.booking.com/help/confirmation_pin_auth
2025-07-27 14:15:32,BRAVO_HUNTER,6860261353,5371,FAILURE,https://secure.booking.com/help/confirmation_pin_auth
2025-07-27 14:16:02,BRAVO_HUNTER,6860261353,7010,FAILURE,https://secure.booking.com/help/confirmation_pin_auth
2025-07-27 14:16:32,BRAVO_HUNTER,6860261353,4708,FAILURE,https://secure.booking.com/help/confirmation_pin_auth
2025-07-27 14:17:03,BRAVO_HUNTER,6860261353,0055,FAILURE,https://secure.booking.com/help/confirmation_pin_auth
2025-07-27 14:26:44,BRAVO_HUNTER,6860261353,7757,HELP_PAGE,https://secure.booking.com/help/confirmation_pin_auth
2025-07-27 14:27:26,BRAVO_HUNTER,6860261353,8785,FAILURE,https://secure.booking.com/help/confirmation_pin_auth
2025-07-27 14:27:58,BRAVO_HUNTER,6860261353,5199,FAILURE,https://secure.booking.com/help/confirmation_pin_auth
2025-07-27 14:28:29,BRAVO_HUNTER,6860261353,0715,FAILURE,https://secure.booking.com/help/confirmation_pin_auth
2025-07-27 14:29:00,BRAVO_HUNTER,6860261353,9910,FAILURE,https://secure.booking.com/help/confirmation_pin_auth
2025-07-27 14:38:53,BRAVO_HUNTER,6860261353,1692,HELP_PAGE,https://secure.booking.com/help/confirmation_pin_auth
2025-07-27 14:39:29,BRAVO_HUNTER,6860261353,7582,FAILURE,https://secure.booking.com/help/confirmation_pin_auth
2025-07-27 14:40:00,BRAVO_HUNTER,6860261353,6037,FAILURE,https://secure.booking.com/help/confirmation_pin_auth
2025-07-27 14:40:31,BRAVO_HUNTER,6860261353,9004,FAILURE,https://secure.booking.com/help/confirmation_pin_auth
2025-07-27 14:41:01,BRAVO_HUNTER,6860261353,4312,FAILURE,https://secure.booking.com/help/confirmation_pin_auth
2025-07-27 14:50:53,BRAVO_HUNTER,6860261353,7224,HELP_PAGE,https://secure.booking.com/help/confirmation_pin_auth
2025-07-27 14:51:28,BRAVO_HUNTER,6860261353,1102,FAILURE,https://secure.booking.com/help/confirmation_pin_auth
2025-07-27 14:51:59,BRAVO_HUNTER,6860261353,7334,FAILURE,https://secure.booking.com/help/confirmation_pin_auth
2025-07-27 14:52:29,BRAVO_HUNTER,6860261353,6524,FAILURE,https://secure.booking.com/help/confirmation_pin_auth
2025-07-27 14:52:58,BRAVO_HUNTER,6860261353,3433,FAILURE,https://secure.booking.com/help/confirmation_pin_auth
2025-07-27 15:02:58,BRAVO_HUNTER,6860261353,0791,HELP_PAGE,https://secure.booking.com/help/confirmation_pin_auth
2025-07-27 15:03:34,BRAVO_HUNTER,6860261353,1808,FAILURE,https://secure.booking.com/help/confirmation_pin_auth
2025-07-27 15:04:04,BRAVO_HUNTER,6860261353,5824,FAILURE,https://secure.booking.com/help/confirmation_pin_auth
2025-07-27 15:04:35,BRAVO_HUNTER,6860261353,2991,FAILURE,https://secure.booking.com/help/confirmation_pin_auth
2025-07-27 15:05:05,BRAVO_HUNTER,6860261353,6017,FAILURE,https://secure.booking.com/help/confirmation_pin_auth
2025-07-27 15:15:19,BRAVO_HUNTER,6860261353,3029,HELP_PAGE,https://secure.booking.com/help/confirmation_pin_auth
2025-07-27 15:15:54,BRAVO_HUNTER,6860261353,6837,FAILURE,https://secure.booking.com/help/confirmation_pin_auth
2025-07-27 15:16:25,BRAVO_HUNTER,6860261353,4525,FAILURE,https://secure.booking.com/help/confirmation_pin_auth
2025-07-27 15:16:58,BRAVO_HUNTER,6860261353,4458,FAILURE,https://secure.booking.com/help/confirmation_pin_auth
2025-07-27 15:17:28,BRAVO_HUNTER,6860261353,8149,FAILURE,https://secure.booking.com/help/confirmation_pin_auth
2025-07-27 15:35:39,BRAVO_HUNTER,6860261353,9539,HELP_PAGE,https://secure.booking.com/help/confirmation_pin_auth
2025-07-27 15:36:21,BRAVO_HUNTER,6860261353,6878,FAILURE,https://secure.booking.com/help/confirmation_pin_auth
2025-07-27 15:36:56,BRAVO_HUNTER,6860261353,2288,FAILURE,https://secure.booking.com/help/confirmation_pin_auth
2025-07-27 15:37:27,BRAVO_HUNTER,6860261353,1093,FAILURE,https://secure.booking.com/help/confirmation_pin_auth
2025-07-27 15:38:00,BRAVO_HUNTER,6860261353,5354,FAILURE,https://secure.booking.com/help/confirmation_pin_auth
2025-07-27 15:46:32,BRAVO_HUNTER,6860261353,3401,HELP_PAGE,https://secure.booking.com/help/confirmation_pin_auth
2025-07-27 15:47:07,BRAVO_HUNTER,6860261353,8732,FAILURE,https://secure.booking.com/help/confirmation_pin_auth
2025-07-27 15:47:45,BRAVO_HUNTER,6860261353,5621,FAILURE,https://secure.booking.com/help/confirmation_pin_auth
2025-07-27 15:48:21,BRAVO_HUNTER,6860261353,3796,FAILURE,https://secure.booking.com/help/confirmation_pin_auth
2025-07-27 15:48:53,BRAVO_HUNTER,6860261353,4530,FAILURE,https://secure.booking.com/help/confirmation_pin_auth
2025-07-27 15:59:27,BRAVO_HUNTER,6860261353,0183,HELP_PAGE,https://secure.booking.com/help/confirmation_pin_auth
2025-07-27 16:09:47,BRAVO_HUNTER,6860261353,5448,HELP_PAGE,https://secure.booking.com/help/confirmation_pin_auth
2025-07-27 16:10:23,BRAVO_HUNTER,6860261353,1765,FAILURE,https://secure.booking.com/help/confirmation_pin_auth
2025-07-27 16:10:54,BRAVO_HUNTER,6860261353,0134,FAILURE,https://secure.booking.com/help/confirmation_pin_auth
2025-07-27 16:11:25,BRAVO_HUNTER,6860261353,2819,FAILURE,https://secure.booking.com/help/confirmation_pin_auth
2025-07-27 16:11:56,BRAVO_HUNTER,6860261353,9947,FAILURE,https://secure.booking.com/help/confirmation_pin_auth
2025-07-27 16:21:32,BRAVO_HUNTER,6860261353,9734,HELP_PAGE,https://secure.booking.com/help/confirmation_pin_auth
2025-07-27 16:22:07,BRAVO_HUNTER,6860261353,9516,FAILURE,https://secure.booking.com/help/confirmation_pin_auth
2025-07-27 16:22:37,BRAVO_HUNTER,6860261353,8769,FAILURE,https://secure.booking.com/help/confirmation_pin_auth
2025-07-27 16:23:07,BRAVO_HUNTER,6860261353,4365,FAILURE,https://secure.booking.com/help/confirmation_pin_auth
2025-07-27 16:23:37,BRAVO_HUNTER,6860261353,7366,FAILURE,https://secure.booking.com/help/confirmation_pin_auth
2025-07-27 16:33:28,BRAVO_HUNTER,6860261353,3227,HELP_PAGE,https://secure.booking.com/help/confirmation_pin_auth
2025-07-27 16:34:03,BRAVO_HUNTER,6860261353,9080,FAILURE,https://secure.booking.com/help/confirmation_pin_auth
2025-07-27 16:34:33,BRAVO_HUNTER,6860261353,5358,FAILURE,https://secure.booking.com/help/confirmation_pin_auth
2025-07-27 16:35:03,BRAVO_HUNTER,6860261353,0537,FAILURE,https://secure.booking.com/help/confirmation_pin_auth
2025-07-27 16:35:34,BRAVO_HUNTER,6860261353,7196,FAILURE,https://secure.booking.com/help/confirmation_pin_auth
2025-07-27 16:45:25,BRAVO_HUNTER,6860261353,9860,HELP_PAGE,https://secure.booking.com/help/confirmation_pin_auth
2025-07-27 16:46:01,BRAVO_HUNTER,6860261353,3128,FAILURE,https://secure.booking.com/help/confirmation_pin_auth
2025-07-27 16:46:36,BRAVO_HUNTER,6860261353,0310,FAILURE,https://secure.booking.com/help/confirmation_pin_auth
2025-07-27 16:47:12,BRAVO_HUNTER,6860261353,3756,FAILURE,https://secure.booking.com/help/confirmation_pin_auth
2025-07-27 16:47:49,BRAVO_HUNTER,6860261353,6529,FAILURE,https://secure.booking.com/help/confirmation_pin_auth
2025-07-27 16:57:53,BRAVO_HUNTER,6860261353,8108,HELP_PAGE,https://secure.booking.com/help/confirmation_pin_auth
2025-07-27 16:58:28,BRAVO_HUNTER,6860261353,1180,FAILURE,https://secure.booking.com/help/confirmation_pin_auth
2025-07-27 16:58:59,BRAVO_HUNTER,6860261353,2918,FAILURE,https://secure.booking.com/help/confirmation_pin_auth
2025-07-27 16:59:29,BRAVO_HUNTER,6860261353,9420,FAILURE,https://secure.booking.com/help/confirmation_pin_auth
2025-07-27 17:00:00,BRAVO_HUNTER,6860261353,5442,FAILURE,https://secure.booking.com/help/confirmation_pin_auth
2025-07-27 17:10:43,BRAVO_HUNTER,6860261353,4993,HELP_PAGE,https://secure.booking.com/help/confirmation_pin_auth
2025-07-27 17:11:18,BRAVO_HUNTER,6860261353,0079,FAILURE,https://secure.booking.com/help/confirmation_pin_auth
2025-07-27 17:11:49,BRAVO_HUNTER,6860261353,0373,FAILURE,https://secure.booking.com/help/confirmation_pin_auth
2025-07-27 17:12:20,BRAVO_HUNTER,6860261353,9242,FAILURE,https://secure.booking.com/help/confirmation_pin_auth
2025-07-27 17:12:51,BRAVO_HUNTER,6860261353,0064,FAILURE,https://secure.booking.com/help/confirmation_pin_auth
2025-07-27 17:22:29,BRAVO_HUNTER,6860261353,9925,HELP_PAGE,https://secure.booking.com/help/confirmation_pin_auth
2025-07-27 17:23:05,BRAVO_HUNTER,6860261353,6244,FAILURE,https://secure.booking.com/help/confirmation_pin_auth
2025-07-27 17:23:36,BRAVO_HUNTER,6860261353,3195,FAILURE,https://secure.booking.com/help/confirmation_pin_auth
2025-07-27 17:24:07,BRAVO_HUNTER,6860261353,3259,FAILURE,https://secure.booking.com/help/confirmation_pin_auth
2025-07-27 17:24:38,BRAVO_HUNTER,6860261353,5573,FAILURE,https://secure.booking.com/help/confirmation_pin_auth
2025-07-27 17:35:02,BRAVO_HUNTER,6860261353,3913,HELP_PAGE,https://secure.booking.com/help/confirmation_pin_auth
2025-07-27 17:35:38,BRAVO_HUNTER,6860261353,2932,FAILURE,https://secure.booking.com/help/confirmation_pin_auth
2025-07-27 17:36:11,BRAVO_HUNTER,6860261353,2625,FAILURE,https://secure.booking.com/help/confirmation_pin_auth
2025-07-27 17:36:44,BRAVO_HUNTER,6860261353,2354,FAILURE,https://secure.booking.com/help/confirmation_pin_auth
2025-07-27 17:37:15,BRAVO_HUNTER,6860261353,4683,FAILURE,https://secure.booking.com/help/confirmation_pin_auth
2025-07-27 17:47:37,BRAVO_HUNTER,6860261353,7632,HELP_PAGE,https://secure.booking.com/help/confirmation_pin_auth
2025-07-27 17:48:14,BRAVO_HUNTER,6860261353,5549,FAILURE,https://secure.booking.com/help/confirmation_pin_auth
2025-07-27 17:48:48,BRAVO_HUNTER,6860261353,6394,FAILURE,https://secure.booking.com/help/confirmation_pin_auth
2025-07-27 17:49:19,BRAVO_HUNTER,6860261353,3780,FAILURE,https://secure.booking.com/help/confirmation_pin_auth
2025-07-27 17:49:51,BRAVO_HUNTER,6860261353,3262,FAILURE,https://secure.booking.com/help/confirmation_pin_auth
2025-07-27 17:57:30,BRAVO_HUNTER,6860261353,4650,HELP_PAGE,https://secure.booking.com/help/confirmation_pin_auth
2025-07-27 17:58:06,BRAVO_HUNTER,6860261353,1645,FAILURE,https://secure.booking.com/help/confirmation_pin_auth
2025-07-27 17:58:36,BRAVO_HUNTER,6860261353,3878,FAILURE,https://secure.booking.com/help/confirmation_pin_auth
2025-07-27 17:59:06,BRAVO_HUNTER,6860261353,9095,FAILURE,https://secure.booking.com/help/confirmation_pin_auth
2025-07-27 17:59:37,BRAVO_HUNTER,6860261353,7462,FAILURE,https://secure.booking.com/help/confirmation_pin_auth
2025-07-27 18:09:22,BRAVO_HUNTER,6860261353,2797,HELP_PAGE,https://secure.booking.com/help/confirmation_pin_auth
2025-07-27 18:09:58,BRAVO_HUNTER,6860261353,3735,FAILURE,https://secure.booking.com/help/confirmation_pin_auth
2025-07-27 18:10:39,BRAVO_HUNTER,6860261353,1101,FAILURE,https://secure.booking.com/help/confirmation_pin_auth
2025-07-27 18:11:09,BRAVO_HUNTER,6860261353,4529,FAILURE,https://secure.booking.com/help/confirmation_pin_auth
2025-07-27 18:11:39,BRAVO_HUNTER,6860261353,8464,FAILURE,https://secure.booking.com/help/confirmation_pin_auth
2025-07-27 18:21:43,BRAVO_HUNTER,6860261353,0417,HELP_PAGE,https://secure.booking.com/help/confirmation_pin_auth
2025-07-27 18:22:35,BRAVO_HUNTER,6860261353,5356,FAILURE,https://secure.booking.com/help/confirmation_pin_auth
2025-07-27 18:23:06,BRAVO_HUNTER,6860261353,5780,FAILURE,https://secure.booking.com/help/confirmation_pin_auth
2025-07-27 18:23:37,BRAVO_HUNTER,6860261353,3348,FAILURE,https://secure.booking.com/help/confirmation_pin_auth
2025-07-27 18:24:08,BRAVO_HUNTER,6860261353,1577,FAILURE,https://secure.booking.com/help/confirmation_pin_auth
2025-07-27 18:32:28,BRAVO_HUNTER,6860261353,4885,HELP_PAGE,https://secure.booking.com/help/confirmation_pin_auth
2025-07-27 18:33:04,BRAVO_HUNTER,6860261353,9126,FAILURE,https://secure.booking.com/help/confirmation_pin_auth
2025-07-27 18:33:34,BRAVO_HUNTER,6860261353,3146,FAILURE,https://secure.booking.com/help/confirmation_pin_auth
2025-07-27 18:34:05,BRAVO_HUNTER,6860261353,1556,FAILURE,https://secure.booking.com/help/confirmation_pin_auth
2025-07-27 18:34:36,BRAVO_HUNTER,6860261353,7930,FAILURE,https://secure.booking.com/help/confirmation_pin_auth
2025-07-27 18:44:37,BRAVO_HUNTER,6860261353,1779,HELP_PAGE,https://secure.booking.com/help/confirmation_pin_auth
2025-07-27 18:45:14,BRAVO_HUNTER,6860261353,1459,FAILURE,https://secure.booking.com/help/confirmation_pin_auth
2025-07-27 18:45:44,BRAVO_HUNTER,6860261353,8272,FAILURE,https://secure.booking.com/help/confirmation_pin_auth
2025-07-27 18:46:14,BRAVO_HUNTER,6860261353,1150,FAILURE,https://secure.booking.com/help/confirmation_pin_auth
2025-07-27 18:46:45,BRAVO_HUNTER,6860261353,8327,FAILURE,https://secure.booking.com/help/confirmation_pin_auth
2025-07-27 18:57:14,BRAVO_HUNTER,6860261353,4534,HELP_PAGE,https://secure.booking.com/help/confirmation_pin_auth
2025-07-27 18:57:50,BRAVO_HUNTER,6860261353,4641,FAILURE,https://secure.booking.com/help/confirmation_pin_auth
2025-07-27 18:58:22,BRAVO_HUNTER,6860261353,3726,FAILURE,https://secure.booking.com/help/confirmation_pin_auth
2025-07-27 18:58:53,BRAVO_HUNTER,6860261353,3432,FAILURE,https://secure.booking.com/help/confirmation_pin_auth
2025-07-27 18:59:25,BRAVO_HUNTER,6860261353,4320,FAILURE,https://secure.booking.com/help/confirmation_pin_auth
2025-07-27 19:08:54,BRAVO_HUNTER,6860261353,5424,HELP_PAGE,https://secure.booking.com/help/confirmation_pin_auth
2025-07-27 19:09:29,BRAVO_HUNTER,6860261353,2010,FAILURE,https://secure.booking.com/help/confirmation_pin_auth
2025-07-27 19:10:00,BRAVO_HUNTER,6860261353,8130,FAILURE,https://secure.booking.com/help/confirmation_pin_auth
2025-07-27 19:10:31,BRAVO_HUNTER,6860261353,1665,FAILURE,https://secure.booking.com/help/confirmation_pin_auth
2025-07-27 19:11:01,BRAVO_HUNTER,6860261353,9449,FAILURE,https://secure.booking.com/help/confirmation_pin_auth
2025-07-27 19:18:35,BRAVO_HUNTER,6860261353,1017,HELP_PAGE,https://secure.booking.com/help/confirmation_pin_auth
2025-07-27 19:19:10,BRAVO_HUNTER,6860261353,6532,FAILURE,https://secure.booking.com/help/confirmation_pin_auth
2025-07-27 19:19:40,BRAVO_HUNTER,6860261353,3120,FAILURE,https://secure.booking.com/help/confirmation_pin_auth
2025-07-27 19:20:12,BRAVO_HUNTER,6860261353,1606,FAILURE,https://secure.booking.com/help/confirmation_pin_auth
2025-07-27 19:20:42,BRAVO_HUNTER,6860261353,7231,FAILURE,https://secure.booking.com/help/confirmation_pin_auth
2025-07-27 19:30:51,BRAVO_HUNTER,6860261353,7703,HELP_PAGE,https://secure.booking.com/help/confirmation_pin_auth
2025-07-27 19:31:27,BRAVO_HUNTER,6860261353,1535,FAILURE,https://secure.booking.com/help/confirmation_pin_auth
2025-07-27 19:32:08,BRAVO_HUNTER,6860261353,0784,FAILURE,https://secure.booking.com/help/confirmation_pin_auth
2025-07-27 19:32:40,BRAVO_HUNTER,6860261353,1120,FAILURE,https://secure.booking.com/help/confirmation_pin_auth
2025-07-27 19:33:11,BRAVO_HUNTER,6860261353,1446,FAILURE,https://secure.booking.com/help/confirmation_pin_auth
2025-07-27 19:42:52,BRAVO_HUNTER,6860261353,3725,HELP_PAGE,https://secure.booking.com/help/confirmation_pin_auth
2025-07-27 19:43:31,BRAVO_HUNTER,6860261353,9877,FAILURE,https://secure.booking.com/help/confirmation_pin_auth
2025-07-27 19:44:04,BRAVO_HUNTER,6860261353,8463,FAILURE,https://secure.booking.com/help/confirmation_pin_auth
2025-07-27 19:52:25,BRAVO_HUNTER,6860261353,3576,HELP_PAGE,https://secure.booking.com/help/confirmation_pin_auth
2025-07-27 19:53:00,BRAVO_HUNTER,6860261353,3922,FAILURE,https://secure.booking.com/help/confirmation_pin_auth
2025-07-27 19:53:32,BRAVO_HUNTER,6860261353,4186,FAILURE,https://secure.booking.com/help/confirmation_pin_auth
2025-07-27 19:54:02,BRAVO_HUNTER,6860261353,0600,FAILURE,https://secure.booking.com/help/confirmation_pin_auth
2025-07-27 19:54:34,BRAVO_HUNTER,6860261353,8493,FAILURE,https://secure.booking.com/help/confirmation_pin_auth
2025-07-27 20:14:08,BRAVO_HUNTER,6860261353,0670,HELP_PAGE,https://secure.booking.com/help/confirmation_pin_auth
2025-07-27 20:14:44,BRAVO_HUNTER,6860261353,3697,FAILURE,https://secure.booking.com/help/confirmation_pin_auth
2025-07-27 20:15:16,BRAVO_HUNTER,6860261353,7516,FAILURE,https://secure.booking.com/help/confirmation_pin_auth
2025-07-27 20:15:51,BRAVO_HUNTER,6860261353,8630,FAILURE,https://secure.booking.com/help/confirmation_pin_auth
2025-07-27 20:16:23,BRAVO_HUNTER,6860261353,6543,FAILURE,https://secure.booking.com/help/confirmation_pin_auth
2025-07-27 20:25:54,BRAVO_HUNTER,6860261353,8666,HELP_PAGE,https://secure.booking.com/help/confirmation_pin_auth
2025-07-27 20:26:31,BRAVO_HUNTER,6860261353,3889,FAILURE,https://secure.booking.com/help/confirmation_pin_auth
2025-07-27 20:27:12,BRAVO_HUNTER,6860261353,4181,FAILURE,https://secure.booking.com/help/confirmation_pin_auth
2025-07-27 20:27:43,BRAVO_HUNTER,6860261353,4448,FAILURE,https://secure.booking.com/help/confirmation_pin_auth
2025-07-27 20:28:13,BRAVO_HUNTER,6860261353,2543,FAILURE,https://secure.booking.com/help/confirmation_pin_auth
2025-07-27 20:38:10,BRAVO_HUNTER,6860261353,3298,HELP_PAGE,https://secure.booking.com/help/confirmation_pin_auth
2025-07-27 20:38:46,BRAVO_HUNTER,6860261353,2357,FAILURE,https://secure.booking.com/help/confirmation_pin_auth
2025-07-27 20:39:18,BRAVO_HUNTER,6860261353,0456,FAILURE,https://secure.booking.com/help/confirmation_pin_auth
2025-07-27 20:40:02,BRAVO_HUNTER,6860261353,2850,FAILURE,https://secure.booking.com/help/confirmation_pin_auth
2025-07-27 20:40:33,BRAVO_HUNTER,6860261353,7079,FAILURE,https://secure.booking.com/help/confirmation_pin_auth
2025-07-27 20:50:27,BRAVO_HUNTER,6860261353,0904,HELP_PAGE,https://secure.booking.com/help/confirmation_pin_auth
2025-07-27 20:51:04,BRAVO_HUNTER,6860261353,5898,FAILURE,https://secure.booking.com/help/confirmation_pin_auth
2025-07-27 20:51:35,BRAVO_HUNTER,6860261353,2171,FAILURE,https://secure.booking.com/help/confirmation_pin_auth
2025-07-27 20:52:18,BRAVO_HUNTER,6860261353,6218,FAILURE,https://secure.booking.com/help/confirmation_pin_auth
2025-07-27 20:52:50,BRAVO_HUNTER,6860261353,6299,FAILURE,https://secure.booking.com/help/confirmation_pin_auth
2025-07-27 21:02:57,BRAVO_HUNTER,6860261353,5200,HELP_PAGE,https://secure.booking.com/help/confirmation_pin_auth
2025-07-27 21:03:53,BRAVO_HUNTER,6860261353,4787,FAILURE,https://secure.booking.com/help/confirmation_pin_auth
2025-07-27 21:04:25,BRAVO_HUNTER,6860261353,0818,FAILURE,https://secure.booking.com/help/confirmation_pin_auth
2025-07-27 21:05:06,BRAVO_HUNTER,6860261353,9817,FAILURE,https://secure.booking.com/help/confirmation_pin_auth
2025-07-27 21:05:37,BRAVO_HUNTER,6860261353,9691,FAILURE,https://secure.booking.com/help/confirmation_pin_auth
2025-07-27 21:15:42,BRAVO_HUNTER,6860261353,6616,HELP_PAGE,https://secure.booking.com/help/confirmation_pin_auth
2025-07-27 21:16:17,BRAVO_HUNTER,6860261353,6235,FAILURE,https://secure.booking.com/help/confirmation_pin_auth
2025-07-27 21:16:47,BRAVO_HUNTER,6860261353,8600,FAILURE,https://secure.booking.com/help/confirmation_pin_auth
2025-07-27 21:17:17,BRAVO_HUNTER,6860261353,0150,FAILURE,https://secure.booking.com/help/confirmation_pin_auth
2025-07-27 21:17:48,BRAVO_HUNTER,6860261353,9618,FAILURE,https://secure.booking.com/help/confirmation_pin_auth
2025-07-27 21:27:56,BRAVO_HUNTER,6860261353,4170,HELP_PAGE,https://secure.booking.com/help/confirmation_pin_auth
2025-07-27 21:28:35,BRAVO_HUNTER,6860261353,3895,FAILURE,https://secure.booking.com/help/confirmation_pin_auth
2025-07-27 21:29:07,BRAVO_HUNTER,6860261353,8587,FAILURE,https://secure.booking.com/help/confirmation_pin_auth
2025-07-27 21:29:40,BRAVO_HUNTER,6860261353,5247,FAILURE,https://secure.booking.com/help/confirmation_pin_auth
2025-07-27 21:30:13,BRAVO_HUNTER,6860261353,4730,FAILURE,https://secure.booking.com/help/confirmation_pin_auth
2025-07-27 21:39:59,BRAVO_HUNTER,6860261353,1691,HELP_PAGE,https://secure.booking.com/help/confirmation_pin_auth
2025-07-27 21:40:35,BRAVO_HUNTER,6860261353,7962,FAILURE,https://secure.booking.com/help/confirmation_pin_auth
2025-07-27 21:41:05,BRAVO_HUNTER,6860261353,0278,FAILURE,https://secure.booking.com/help/confirmation_pin_auth
2025-07-27 21:41:36,BRAVO_HUNTER,6860261353,6971,FAILURE,https://secure.booking.com/help/confirmation_pin_auth
2025-07-27 21:42:06,BRAVO_HUNTER,6860261353,0925,FAILURE,https://secure.booking.com/help/confirmation_pin_auth
2025-07-27 21:52:03,BRAVO_HUNTER,6860261353,3826,HELP_PAGE,https://secure.booking.com/help/confirmation_pin_auth
2025-07-27 21:52:39,BRAVO_HUNTER,6860261353,2871,FAILURE,https://secure.booking.com/help/confirmation_pin_auth
2025-07-27 21:53:10,BRAVO_HUNTER,6860261353,7291,FAILURE,https://secure.booking.com/help/confirmation_pin_auth
2025-07-27 21:53:41,BRAVO_HUNTER,6860261353,1629,FAILURE,https://secure.booking.com/help/confirmation_pin_auth
2025-07-27 21:54:11,BRAVO_HUNTER,6860261353,4810,FAILURE,https://secure.booking.com/help/confirmation_pin_auth
2025-07-27 22:02:33,BRAVO_HUNTER,6860261353,6550,HELP_PAGE,https://secure.booking.com/help/confirmation_pin_auth
2025-07-27 22:03:09,BRAVO_HUNTER,6860261353,8335,FAILURE,https://secure.booking.com/help/confirmation_pin_auth
2025-07-27 22:03:44,BRAVO_HUNTER,6860261353,0692,FAILURE,https://secure.booking.com/help/confirmation_pin_auth
2025-07-27 22:04:18,BRAVO_HUNTER,6860261353,7515,FAILURE,https://secure.booking.com/help/confirmation_pin_auth
2025-07-27 22:04:49,BRAVO_HUNTER,6860261353,6085,FAILURE,https://secure.booking.com/help/confirmation_pin_auth
2025-07-27 22:11:49,BRAVO_HUNTER,6860261353,6806,HELP_PAGE,https://secure.booking.com/help/confirmation_pin_auth
2025-07-27 22:12:25,BRAVO_HUNTER,6860261353,3877,FAILURE,https://secure.booking.com/help/confirmation_pin_auth
2025-07-27 22:12:57,BRAVO_HUNTER,6860261353,1980,FAILURE,https://secure.booking.com/help/confirmation_pin_auth
2025-07-27 22:13:36,BRAVO_HUNTER,6860261353,6949,FAILURE,https://secure.booking.com/help/confirmation_pin_auth
2025-07-27 22:24:08,BRAVO_HUNTER,6860261353,1719,HELP_PAGE,https://secure.booking.com/help/confirmation_pin_auth
2025-07-27 22:24:44,BRAVO_HUNTER,6860261353,8385,FAILURE,https://secure.booking.com/help/confirmation_pin_auth
2025-07-27 22:25:14,BRAVO_HUNTER,6860261353,9753,FAILURE,https://secure.booking.com/help/confirmation_pin_auth
2025-07-27 22:25:44,BRAVO_HUNTER,6860261353,1434,FAILURE,https://secure.booking.com/help/confirmation_pin_auth
2025-07-27 22:26:14,BRAVO_HUNTER,6860261353,2416,FAILURE,https://secure.booking.com/help/confirmation_pin_auth
2025-07-27 22:36:54,BRAVO_HUNTER,6860261353,5869,HELP_PAGE,https://secure.booking.com/help/confirmation_pin_auth
2025-07-27 22:37:29,BRAVO_HUNTER,6860261353,7919,FAILURE,https://secure.booking.com/help/confirmation_pin_auth
2025-07-27 22:38:00,BRAVO_HUNTER,6860261353,3708,FAILURE,https://secure.booking.com/help/confirmation_pin_auth
2025-07-27 22:38:30,BRAVO_HUNTER,6860261353,0959,FAILURE,https://secure.booking.com/help/confirmation_pin_auth
2025-07-27 22:39:01,BRAVO_HUNTER,6860261353,1944,FAILURE,https://secure.booking.com/help/confirmation_pin_auth
2025-07-27 22:48:49,BRAVO_HUNTER,6860261353,7327,HELP_PAGE,https://secure.booking.com/help/confirmation_pin_auth
2025-07-27 22:49:26,BRAVO_HUNTER,6860261353,0599,FAILURE,https://secure.booking.com/help/confirmation_pin_auth
2025-07-27 22:49:58,BRAVO_HUNTER,6860261353,9232,FAILURE,https://secure.booking.com/help/confirmation_pin_auth
2025-07-27 22:50:31,BRAVO_HUNTER,6860261353,2584,FAILURE,https://secure.booking.com/help/confirmation_pin_auth
2025-07-27 22:51:03,BRAVO_HUNTER,6860261353,9777,FAILURE,https://secure.booking.com/help/confirmation_pin_auth
2025-07-27 23:00:48,BRAVO_HUNTER,6860261353,0223,HELP_PAGE,https://secure.booking.com/help/confirmation_pin_auth
2025-07-27 23:01:25,BRAVO_HUNTER,6860261353,9956,FAILURE,https://secure.booking.com/help/confirmation_pin_auth
2025-07-27 23:01:56,BRAVO_HUNTER,6860261353,5631,FAILURE,https://secure.booking.com/help/confirmation_pin_auth
2025-07-27 23:02:27,BRAVO_HUNTER,6860261353,9716,FAILURE,https://secure.booking.com/help/confirmation_pin_auth
2025-07-27 23:02:58,BRAVO_HUNTER,6860261353,5249,FAILURE,https://secure.booking.com/help/confirmation_pin_auth
